{
  "viewport": {
    "x": 81.72533685222042,
    "y": 47.353667171604215,
    "zoom": 0.6685162106089428
  },
  "nodes": {
    "read-file#1": {
      "contentWidth": 420,
      "rfNode": {
        "position": {
          "x": 195,
          "y": 104
        }
      }
    },
    "read-folder#1": {
      "contentWidth": 420,
      "rfNode": {
        "position": {
          "x": 195,
          "y": 452
        }
      }
    }
  }
}