{
  "viewport": {
    "x": 80.47533690189097,
    "y": 61.10366662522839,
    "zoom": 0.6685162106089428
  },
  "nodes": {
    "read-file#1": {
      "contentWidth": 420,
      "rfNode": {
        "position": {
          "x": 195,
          "y": 104
        }
      }
    },
    "read-folder#1": {
      "contentWidth": 420,
      "rfNode": {
        "position": {
          "x": 195,
          "y": 452
        }
      }
    }
  }
}