{
  "nodes": {
    "write-file#1": {
      "contentWidth": 450,
      "rfNode": {
        "position": {
          "x": 628.9632554399534,
          "y": 90.53255822858254
        }
      }
    },
    "read-file#2": {
      "contentWidth": 450,
      "rfNode": {
        "position": {
          "x": 118.93805080274035,
          "y": 90.53255822858254
        }
      }
    }
  }
}