{
  "nodes": {
    "write-file#1": {
      "contentWidth": 450,
      "rfNode": {
        "position": {
          "x": 706.4281441332923,
          "y": 357.6129953653185
        }
      }
    },
    "read-file#2": {
      "contentWidth": 450,
      "rfNode": {
        "position": {
          "x": 118.93805080274035,
          "y": 90.53255822858254
        }
      }
    },
    "read-url#1": {
      "contentWidth": 450,
      "rfNode": {
        "position": {
          "x": 118.93805080274035,
          "y": 508.01231218882367
        }
      },
      "sections": {
        "inputs": {
          "collapsed": {
            "query": {
              "[]": true
            },
            "headers": {
              "[]": true
            }
          }
        }
      }
    }
  }
}