{
  "viewport": {
    "x": -36.58954944882789,
    "y": -62.74707942796621,
    "zoom": 0.9151009745228694
  },
  "nodes": {
    "read-file#1": {
      "contentWidth": 420,
      "rfNode": {
        "position": {
          "x": 128,
          "y": 190
        }
      }
    },
    "write-file#1": {
      "contentWidth": 450,
      "rfNode": {
        "position": {
          "x": 635,
          "y": 190
        }
      }
    }
  }
}